<table>
	<Sounds directory="assets/audio/vo">
		<sound id="Tonmapjam22_vo_brief" path="tonis/tonmapjam22_vo_brief.ogg"/>
		<sound id="Tonmapjam22_vo_start" path="tonis/tonmapjam22_vo_start.ogg" subtitle_id="Tonmapjam22_vo_start"/>
		<sound id="Tonmapjam22_vo_securityroom" path="tonis/tonmapjam22_vo_securityroom.ogg" subtitle_id="Tonmapjam22_vo_securityroom"/>
		<sound id="Tonmapjam22_vo_vaultdrill" path="tonis/tonmapjam22_vo_vaultdrill.ogg" subtitle_id="Tonmapjam22_vo_vaultdrill"/>
		<sound id="Tonmapjam22_vo_vaultnitrogen" path="tonis/tonmapjam22_vo_vaultnitrogen.ogg" subtitle_id="Tonmapjam22_vo_vaultnitrogen"/>
		<sound id="Tonmapjam22_vo_vaultc4" path="tonis/tonmapjam22_vo_vaultc4.ogg" subtitle_id="Tonmapjam22_vo_vaultc4"/>
		<sound id="Tonmapjam22_vo_vaultenter" path="tonis/tonmapjam22_vo_vaultenter.ogg" subtitle_id="Tonmapjam22_vo_vaultenter"/>
		<sound id="Tonmapjam22_vo_arrive" path="tonis/tonmapjam22_vo_arrive.ogg" subtitle_id="Tonmapjam22_vo_arrive"/>
		<sound id="Tonmapjam22_vo_halfneed" path="tonis/tonmapjam22_vo_halfneed.ogg" subtitle_id="Tonmapjam22_vo_halfneed"/>
		<sound id="Tonmapjam22_vo_escape" path="tonis/tonmapjam22_vo_escape.ogg" subtitle_id="Tonmapjam22_vo_escape"/>
	</Sounds>
</table>