<table directory="assets">
	<add unload_on_restart="true">
		<model path="units/pd2_mod_bnk/architecture/bnk/bnk_int_wall_office_2m_a"/>
		<object path="units/pd2_mod_bnk/architecture/bnk/bnk_int_wall_office_2m_a"/>
		<unit load="true" path="units/pd2_mod_bnk/architecture/bnk/bnk_int_wall_office_2m_a" unload="true"/>
		<cooked_physics path="units/pd2_mod_bnk/architecture/bnk/bnk_int_wall_office_2m_a"/>
		<model path="units/pd2_mod_bnk/architecture/bnk/bnk_int_wall_office_1m_a"/>
		<object path="units/pd2_mod_bnk/architecture/bnk/bnk_int_wall_office_1m_a"/>
		<unit load="true" path="units/pd2_mod_bnk/architecture/bnk/bnk_int_wall_office_1m_a" unload="true"/>
		<cooked_physics path="units/pd2_mod_bnk/architecture/bnk/bnk_int_wall_office_1m_a"/>
		<model path="units/pd2_mod_bnk/architecture/bnk/bnk_int_wall_4m_b"/>
		<object path="units/pd2_mod_bnk/architecture/bnk/bnk_int_wall_4m_b"/>
		<unit load="true" path="units/pd2_mod_bnk/architecture/bnk/bnk_int_wall_4m_b" unload="true"/>
		<cooked_physics path="units/pd2_mod_bnk/architecture/bnk/bnk_int_wall_4m_b"/>
		<model path="units/pd2_mod_bnk/architecture/bnk/bnk_int_wall_2m_window_round"/>
		<object path="units/pd2_mod_bnk/architecture/bnk/bnk_int_wall_2m_window_round"/>
		<unit load="true" path="units/pd2_mod_bnk/architecture/bnk/bnk_int_wall_2m_window_round" unload="true"/>
		<cooked_physics path="units/pd2_mod_bnk/architecture/bnk/bnk_int_wall_2m_window_round"/>
		<model path="units/pd2_mod_bnk/architecture/bnk/bnk_int_wall_2m_b"/>
		<object path="units/pd2_mod_bnk/architecture/bnk/bnk_int_wall_2m_b"/>
		<unit load="true" path="units/pd2_mod_bnk/architecture/bnk/bnk_int_wall_2m_b" unload="true"/>
		<cooked_physics path="units/pd2_mod_bnk/architecture/bnk/bnk_int_wall_2m_b"/>
		<model path="units/pd2_mod_bnk/architecture/bnk/bnk_int_wall_2m_a"/>
		<object path="units/pd2_mod_bnk/architecture/bnk/bnk_int_wall_2m_a"/>
		<unit load="true" path="units/pd2_mod_bnk/architecture/bnk/bnk_int_wall_2m_a" unload="true"/>
		<cooked_physics path="units/pd2_mod_bnk/architecture/bnk/bnk_int_wall_2m_a"/>
		<model path="units/pd2_mod_bnk/architecture/bnk/bnk_int_pillar_05m_a"/>
		<object path="units/pd2_mod_bnk/architecture/bnk/bnk_int_pillar_05m_a"/>
		<unit load="true" path="units/pd2_mod_bnk/architecture/bnk/bnk_int_pillar_05m_a" unload="true"/>
		<cooked_physics path="units/pd2_mod_bnk/architecture/bnk/bnk_int_pillar_05m_a"/>
		<model path="units/pd2_mod_bnk/architecture/bnk/bnk_int_wall_1m_a"/>
		<object path="units/pd2_mod_bnk/architecture/bnk/bnk_int_wall_1m_a"/>
		<unit load="true" path="units/pd2_mod_bnk/architecture/bnk/bnk_int_wall_1m_a" unload="true"/>
		<cooked_physics path="units/pd2_mod_bnk/architecture/bnk/bnk_int_wall_1m_a"/>
		<material_config path="units/pd2_mod_bnk/architecture/bnk/bnk_int"/>
		<material_config path="units/pd2_mod_bnk/architecture/bnk/bnk_int_b"/>
		<material_config path="units/pd2_mod_bnk/architecture/bnk/bnk_int_c"/>
		<material_config path="units/pd2_mod_bnk/architecture/bnk/bnk_int_d"/>
		<material_config path="units/pd2_mod_bnk/architecture/bnk/bnk_int_e"/>
		<texture path="units/pd2_mod_bnk/architecture/bnk/bnk_int_part_01_df" unload="true"/>
		<texture path="units/pd2_mod_bnk/architecture/bnk/bnk_int_part_01_nm" unload="true"/>
		<texture path="units/pd2_mod_bnk/architecture/bnk/bnk_int_part_01b_df" unload="true"/>
		<texture path="units/pd2_mod_bnk/architecture/bnk/bnk_int_part_01c_df" unload="true"/>
		<texture path="units/pd2_mod_bnk/architecture/bnk/bnk_int_part_01d_df" unload="true"/>
		<texture path="units/pd2_mod_bnk/architecture/bnk/bnk_int_part_01e_df" unload="true"/>
		<cooked_physics path="units/pd2_mod_bnk/architecture/bnk_ext_entrance/bnk_ext_entrance_b"/>
		<model path="units/pd2_mod_bnk/architecture/bnk_ext_entrance/bnk_ext_entrance_b"/>
		<object path="units/pd2_mod_bnk/architecture/bnk_ext_entrance/bnk_ext_entrance_b"/>
		<unit load="true" path="units/pd2_mod_bnk/architecture/bnk_ext_entrance/bnk_ext_entrance_b" unload="true"/>
		<cooked_physics path="units/pd2_mod_bnk/architecture/bnk_ext_entrance/bnk_ext_entrance_b"/>
		<material_config path="units/pd2_mod_bnk/architecture/bnk_ext_entrance/bnk_ext_entrance"/>
		<material_config path="units/pd2_mod_bnk/architecture/bnk_ext_entrance/bnk_ext_entrance_b"/>
		<material_config path="units/pd2_mod_bnk/architecture/bnk_ext_entrance/bnk_ext_entrance_c"/>
		<material_config path="units/pd2_mod_bnk/architecture/bnk_ext_entrance/bnk_ext_entrance_d"/>
		<material_config path="units/pd2_mod_bnk/architecture/bnk_ext_entrance/bnk_ext_entrance_e"/>
		<material_config path="units/pd2_mod_bnk/architecture/bnk_ext_entrance/bnk_ext_entrance_gray_a"/>
		<material_config path="units/pd2_mod_bnk/architecture/bnk_ext_entrance/bnk_ext_entrance_gray_b"/>
		<material_config path="units/pd2_mod_bnk/architecture/bnk_ext_entrance/bnk_ext_entrance_gray_c"/>
		<material_config path="units/pd2_mod_bnk/architecture/bnk_ext_entrance/bnk_ext_entrance_gray_d"/>
		<material_config path="units/pd2_mod_bnk/architecture/bnk_ext_entrance/bnk_ext_entrance_gray_e"/>
		<material_config path="units/pd2_mod_bnk/architecture/bnk_ext_entrance/bnk_ext_entrance_orange_a"/>
		<material_config path="units/pd2_mod_bnk/architecture/bnk_ext_entrance/bnk_ext_entrance_orange_b"/>
		<material_config path="units/pd2_mod_bnk/architecture/bnk_ext_entrance/bnk_ext_entrance_orange_c"/>
		<material_config path="units/pd2_mod_bnk/architecture/bnk_ext_entrance/bnk_ext_entrance_orange_d"/>
		<material_config path="units/pd2_mod_bnk/architecture/bnk_ext_entrance/bnk_ext_entrance_orange_e"/>
		<texture path="units/pd2_mod_bnk/architecture/bnk_ext_entrance/cus_b_ext_01b_df" unload="true"/>
		<texture path="units/pd2_mod_bnk/architecture/bnk_ext_entrance/cus_b_ext_01c_df" unload="true"/>
		<material_config path="units/pd2_mod_bnk/architecture/bnk_ext_lcm/bnk_ext_lcm"/>
		<material_config path="units/pd2_mod_bnk/architecture/bnk_ext_lcm/bnk_ext_lcm_gray"/>
		<material_config path="units/pd2_mod_bnk/architecture/bnk_ext_lcm/bnk_ext_lcm_orange"/>
		<cooked_physics path="units/pd2_mod_bnk/architecture/bnk_ext_lcm/bnk_ext_lcm_roofstairs"/>
		<model path="units/pd2_mod_bnk/architecture/bnk_ext_lcm/bnk_ext_lcm_roofstairs"/>
		<object path="units/pd2_mod_bnk/architecture/bnk_ext_lcm/bnk_ext_lcm_roofstairs"/>
		<unit load="true" path="units/pd2_mod_bnk/architecture/bnk_ext_lcm/bnk_ext_lcm_roofstairs" unload="true"/>
		<cooked_physics path="units/pd2_mod_bnk/architecture/bnk_ext_lcm/bnk_ext_lcm_wall_window_square_4x4m"/>
		<model path="units/pd2_mod_bnk/architecture/bnk_ext_lcm/bnk_ext_lcm_wall_window_square_4x4m"/>
		<object path="units/pd2_mod_bnk/architecture/bnk_ext_lcm/bnk_ext_lcm_wall_window_square_4x4m"/>
		<unit load="true" path="units/pd2_mod_bnk/architecture/bnk_ext_lcm/bnk_ext_lcm_wall_window_square_4x4m" unload="true"/>
		<model path="units/pd2_mod_bnk/architecture/bnk_ext_lcm/bnk_ext_lcm_wall_4x1m_a"/>
		<object path="units/pd2_mod_bnk/architecture/bnk_ext_lcm/bnk_ext_lcm_wall_4x1m_a"/>
		<unit load="true" path="units/pd2_mod_bnk/architecture/bnk_ext_lcm/bnk_ext_lcm_wall_4x1m_a" unload="true"/>
		<cooked_physics path="units/pd2_mod_bnk/architecture/bnk_ext_lcm/bnk_ext_lcm_wall_4x1m_a"/>
		<model path="units/pd2_mod_bnk/architecture/bnk_ext_lcm/bnk_ext_lcm_wall_4x2m_a"/>
		<object path="units/pd2_mod_bnk/architecture/bnk_ext_lcm/bnk_ext_lcm_wall_4x2m_a"/>
		<unit load="true" path="units/pd2_mod_bnk/architecture/bnk_ext_lcm/bnk_ext_lcm_wall_4x2m_a" unload="true"/>
		<cooked_physics path="units/pd2_mod_bnk/architecture/bnk_ext_lcm/bnk_ext_lcm_wall_4x2m_a"/>
		<model path="units/pd2_mod_bnk/architecture/bnk_ext_lcm/bnk_ext_lcm_wall_4x4m_a"/>
		<object path="units/pd2_mod_bnk/architecture/bnk_ext_lcm/bnk_ext_lcm_wall_4x4m_a"/>
		<unit load="true" path="units/pd2_mod_bnk/architecture/bnk_ext_lcm/bnk_ext_lcm_wall_4x4m_a" unload="true"/>
		<cooked_physics path="units/pd2_mod_bnk/architecture/bnk_ext_lcm/bnk_ext_lcm_wall_4x4m_a"/>
		<model path="units/pd2_mod_bnk/architecture/bnk_ext_lcm/bnk_ext_lcm_wall_4x4m_a_door"/>
		<object path="units/pd2_mod_bnk/architecture/bnk_ext_lcm/bnk_ext_lcm_wall_4x4m_a_door"/>
		<unit load="true" path="units/pd2_mod_bnk/architecture/bnk_ext_lcm/bnk_ext_lcm_wall_4x4m_a_door" unload="true"/>
		<cooked_physics path="units/pd2_mod_bnk/architecture/bnk_ext_lcm/bnk_ext_lcm_wall_4x4m_a_door"/>
		<model path="units/pd2_mod_bnk/architecture/bnk_ext_lcm/bnk_ext_lcm_wall_4x4m_b"/>
		<object path="units/pd2_mod_bnk/architecture/bnk_ext_lcm/bnk_ext_lcm_wall_4x4m_b"/>
		<unit load="true" path="units/pd2_mod_bnk/architecture/bnk_ext_lcm/bnk_ext_lcm_wall_4x4m_b" unload="true"/>
		<cooked_physics path="units/pd2_mod_bnk/architecture/bnk_ext_lcm/bnk_ext_lcm_wall_4x4m_b"/>
		<model path="units/pd2_mod_bnk/architecture/bnk_ext_lcm/bnk_ext_lcm_wall_4x8m_a"/>
		<object path="units/pd2_mod_bnk/architecture/bnk_ext_lcm/bnk_ext_lcm_wall_4x8m_a"/>
		<unit load="true" path="units/pd2_mod_bnk/architecture/bnk_ext_lcm/bnk_ext_lcm_wall_4x8m_a" unload="true"/>
		<cooked_physics path="units/pd2_mod_bnk/architecture/bnk_ext_lcm/bnk_ext_lcm_wall_4x8m_a"/>
		<model path="units/pd2_mod_bnk/architecture/bnk_ext_lcm/bnk_ext_lcm_wall_4x8m_b"/>
		<object path="units/pd2_mod_bnk/architecture/bnk_ext_lcm/bnk_ext_lcm_wall_4x8m_b"/>
		<unit load="true" path="units/pd2_mod_bnk/architecture/bnk_ext_lcm/bnk_ext_lcm_wall_4x8m_b" unload="true"/>
		<cooked_physics path="units/pd2_mod_bnk/architecture/bnk_ext_lcm/bnk_ext_lcm_wall_4x8m_b"/>
		<model path="units/pd2_mod_bnk/architecture/bnk_ext_lcm/bnk_ext_lcm_wall_4x8m_c"/>
		<object path="units/pd2_mod_bnk/architecture/bnk_ext_lcm/bnk_ext_lcm_wall_4x8m_c"/>
		<unit load="true" path="units/pd2_mod_bnk/architecture/bnk_ext_lcm/bnk_ext_lcm_wall_4x8m_c" unload="true"/>
		<cooked_physics path="units/pd2_mod_bnk/architecture/bnk_ext_lcm/bnk_ext_lcm_wall_4x8m_c"/>
		<model path="units/pd2_mod_bnk/architecture/bnk_ext_lcm/bnk_ext_lcm_wall_4x8m_d"/>
		<object path="units/pd2_mod_bnk/architecture/bnk_ext_lcm/bnk_ext_lcm_wall_4x8m_d"/>
		<unit load="true" path="units/pd2_mod_bnk/architecture/bnk_ext_lcm/bnk_ext_lcm_wall_4x8m_d" unload="true"/>
		<cooked_physics path="units/pd2_mod_bnk/architecture/bnk_ext_lcm/bnk_ext_lcm_wall_4x8m_d"/>
		<model path="units/pd2_mod_bnk/architecture/bnk_ext_lcm/bnk_ext_lcm_wall_storefront1_4x4m_a"/>
		<object path="units/pd2_mod_bnk/architecture/bnk_ext_lcm/bnk_ext_lcm_wall_storefront1_4x4m_a"/>
		<unit load="true" path="units/pd2_mod_bnk/architecture/bnk_ext_lcm/bnk_ext_lcm_wall_storefront1_4x4m_a" unload="true"/>
		<cooked_physics path="units/pd2_mod_bnk/architecture/bnk_ext_lcm/bnk_ext_lcm_wall_storefront1_4x4m_a"/>
		<model path="units/pd2_mod_bnk/architecture/bnk_ext_lcm/bnk_ext_lcm_wall_storefront1_4x4m_b"/>
		<object path="units/pd2_mod_bnk/architecture/bnk_ext_lcm/bnk_ext_lcm_wall_storefront1_4x4m_b"/>
		<unit load="true" path="units/pd2_mod_bnk/architecture/bnk_ext_lcm/bnk_ext_lcm_wall_storefront1_4x4m_b" unload="true"/>
		<cooked_physics path="units/pd2_mod_bnk/architecture/bnk_ext_lcm/bnk_ext_lcm_wall_storefront1_4x4m_b"/>
		<model path="units/pd2_mod_bnk/architecture/bnk_ext_window_round/bnk_ext_wall_window_2m"/>
		<object path="units/pd2_mod_bnk/architecture/bnk_ext_window_round/bnk_ext_wall_window_2m"/>
		<unit load="true" path="units/pd2_mod_bnk/architecture/bnk_ext_window_round/bnk_ext_wall_window_2m" unload="true"/>
		<cooked_physics path="units/pd2_mod_bnk/architecture/bnk_ext_window_round/bnk_ext_wall_window_2m"/>
		<model path="units/pd2_mod_bnk/architecture/bnk_ext_lcm/bnk_ext_lcm_wall2_4x4m_a_door"/>
		<object path="units/pd2_mod_bnk/architecture/bnk_ext_lcm/bnk_ext_lcm_wall2_4x4m_a_door"/>
		<unit load="true" path="units/pd2_mod_bnk/architecture/bnk_ext_lcm/bnk_ext_lcm_wall2_4x4m_a_door" unload="true"/>
		<cooked_physics path="units/pd2_mod_bnk/architecture/bnk_ext_lcm/bnk_ext_lcm_wall2_4x4m_a_door"/>
		<model path="units/pd2_mod_bnk/architecture/bnk_ext_lcm/bnk_ext_lcm_wall2_4x4m_a_nowin"/>
		<object path="units/pd2_mod_bnk/architecture/bnk_ext_lcm/bnk_ext_lcm_wall2_4x4m_a_nowin"/>
		<unit load="true" path="units/pd2_mod_bnk/architecture/bnk_ext_lcm/bnk_ext_lcm_wall2_4x4m_a_nowin" unload="true"/>
		<cooked_physics path="units/pd2_mod_bnk/architecture/bnk_ext_lcm/bnk_ext_lcm_wall2_4x4m_a_nowin"/>
		<model path="units/pd2_mod_bnk/architecture/bnk_ext_lcm/bnk_ext_lcm_wall2_4x8m_a"/>
		<object path="units/pd2_mod_bnk/architecture/bnk_ext_lcm/bnk_ext_lcm_wall2_4x8m_a"/>
		<unit load="true" path="units/pd2_mod_bnk/architecture/bnk_ext_lcm/bnk_ext_lcm_wall2_4x8m_a" unload="true"/>
		<cooked_physics path="units/pd2_mod_bnk/architecture/bnk_ext_lcm/bnk_ext_lcm_wall2_4x8m_a"/>
		<model path="units/pd2_mod_bnk/architecture/bnk_ext_lcm/bnk_ext_lcm_wall2_4x8m_b"/>
		<object path="units/pd2_mod_bnk/architecture/bnk_ext_lcm/bnk_ext_lcm_wall2_4x8m_b"/>
		<unit load="true" path="units/pd2_mod_bnk/architecture/bnk_ext_lcm/bnk_ext_lcm_wall2_4x8m_b" unload="true"/>
		<cooked_physics path="units/pd2_mod_bnk/architecture/bnk_ext_lcm/bnk_ext_lcm_wall2_4x8m_b"/>
		<model path="units/pd2_mod_bnk/architecture/bnk_ext_window_round/bnk_ext_wall_window_4m"/>
		<object path="units/pd2_mod_bnk/architecture/bnk_ext_window_round/bnk_ext_wall_window_4m"/>
		<unit load="true" path="units/pd2_mod_bnk/architecture/bnk_ext_window_round/bnk_ext_wall_window_4m" unload="true"/>
		<cooked_physics path="units/pd2_mod_bnk/architecture/bnk_ext_window_round/bnk_ext_wall_window_4m"/>
		<material_config path="units/pd2_mod_bnk/architecture/bnk_ext_window_round/bnk_ext_window_round"/>
		<material_config path="units/pd2_mod_bnk/architecture/bnk_ext_window_round/bnk_ext_window_round_gray"/>
		<material_config path="units/pd2_mod_bnk/architecture/bnk_ext_window_round/bnk_ext_window_round_orange"/>
		<cooked_physics path="units/pd2_mod_bnk/architecture/bnk_ext_lcm/bnk_ext_lcm_wall_window_square_4x8m"/>
		<model path="units/pd2_mod_bnk/architecture/bnk_ext_lcm/bnk_ext_lcm_wall_window_square_4x8m"/>
		<object path="units/pd2_mod_bnk/architecture/bnk_ext_lcm/bnk_ext_lcm_wall_window_square_4x8m"/>
		<unit load="true" path="units/pd2_mod_bnk/architecture/bnk_ext_lcm/bnk_ext_lcm_wall_window_square_4x8m" unload="true"/>
		<material_config path="units/pd2_mod_bnk/props/bnk_prop_vault_door_light/bnk_prop_vault_door_light"/>
		<material_config path="units/pd2_mod_bnk/props/bnk_prop_vault_door_light/bnk_prop_vault_door_light_b"/>
		<material_config path="units/pd2_mod_bnk/props/bnk_prop_vault_door_light/bnk_prop_vault_door_light_c"/>
		<material_config path="units/pd2_mod_bnk/props/bnk_prop_vault_door_light/bnk_prop_vault_door_light_d"/>
		<material_config path="units/pd2_mod_bnk/props/bnk_prop_vault_door_light/bnk_prop_vault_door_light_e"/>
		<model path="units/pd2_mod_bnk/architecture/bnk/bnk_int_wall_2m_window_square"/>
		<object path="units/pd2_mod_bnk/architecture/bnk/bnk_int_wall_2m_window_square"/>
		<unit load="true" path="units/pd2_mod_bnk/architecture/bnk/bnk_int_wall_2m_window_square" unload="true"/>
		<cooked_physics path="units/pd2_mod_bnk/architecture/bnk/bnk_int_wall_2m_window_square"/>
		<model path="units/pd2_mod_bnk/props/bnk_prop_vault_door_light/bnk_prop_vault_door_light"/>
		<object path="units/pd2_mod_bnk/props/bnk_prop_vault_door_light/bnk_prop_vault_door_light"/>
		<unit load="true" path="units/pd2_mod_bnk/props/bnk_prop_vault_door_light/bnk_prop_vault_door_light" unload="true"/>
		<cooked_physics path="units/pd2_mod_bnk/props/bnk_prop_vault_door_light/bnk_prop_vault_door_light"/>
		<model path="units/pd2_mod_bnk/architecture/bnk/bnk_int_wall_2m_a_backless"/>
		<object path="units/pd2_mod_bnk/architecture/bnk/bnk_int_wall_2m_a_backless"/>
		<unit load="true" path="units/pd2_mod_bnk/architecture/bnk/bnk_int_wall_2m_a_backless" unload="true"/>
		<cooked_physics path="units/pd2_mod_bnk/architecture/bnk/bnk_int_wall_2m_a_backless"/>
		<model path="units/pd2_mod_bnk/architecture/bnk/bnk_int_wall_2m_b_backless"/>
		<object path="units/pd2_mod_bnk/architecture/bnk/bnk_int_wall_2m_b_backless"/>
		<unit load="true" path="units/pd2_mod_bnk/architecture/bnk/bnk_int_wall_2m_b_backless" unload="true"/>
		<cooked_physics path="units/pd2_mod_bnk/architecture/bnk/bnk_int_wall_2m_b_backless"/>
		<sequence_manager path="units/pd2_mod_bnk/props/bnk_prop_vault_door_light/bnk_prop_vault_door_light"/>
	</add>
	<add unload_on_restart="true">
		<model path="units/pd2_mod_floor/architecture/cus_int_floor/cus_int_floor_1x1m_a_marble"/>
		<object path="units/pd2_mod_floor/architecture/cus_int_floor/cus_int_floor_1x1m_a_marble"/>
		<unit load="true" path="units/pd2_mod_floor/architecture/cus_int_floor/cus_int_floor_1x1m_a_marble" unload="true"/>
		<cooked_physics path="units/pd2_mod_floor/architecture/cus_int_floor/cus_int_floor_1x1m_a_marble"/>
		<model path="units/pd2_mod_floor/architecture/cus_int_floor/cus_int_floor_2x2m_a_marble"/>
		<object path="units/pd2_mod_floor/architecture/cus_int_floor/cus_int_floor_2x2m_a_marble"/>
		<unit load="true" path="units/pd2_mod_floor/architecture/cus_int_floor/cus_int_floor_2x2m_a_marble" unload="true"/>
		<cooked_physics path="units/pd2_mod_floor/architecture/cus_int_floor/cus_int_floor_2x2m_a_marble"/>
		<model path="units/pd2_mod_floor/architecture/cus_int_floor/cus_int_floor_4x4m_a_marble"/>
		<object path="units/pd2_mod_floor/architecture/cus_int_floor/cus_int_floor_4x4m_a_marble"/>
		<unit load="true" path="units/pd2_mod_floor/architecture/cus_int_floor/cus_int_floor_4x4m_a_marble" unload="true"/>
		<cooked_physics path="units/pd2_mod_floor/architecture/cus_int_floor/cus_int_floor_4x4m_a_marble"/>
		<model path="units/pd2_mod_floor/architecture/cus_int_floor/cus_int_floor_1x1m_a_parquet"/>
		<object path="units/pd2_mod_floor/architecture/cus_int_floor/cus_int_floor_1x1m_a_parquet"/>
		<unit load="true" path="units/pd2_mod_floor/architecture/cus_int_floor/cus_int_floor_1x1m_a_parquet" unload="true"/>
		<cooked_physics path="units/pd2_mod_floor/architecture/cus_int_floor/cus_int_floor_1x1m_a_parquet"/>
		<model path="units/pd2_mod_floor/architecture/cus_int_floor/cus_int_floor_2x2m_a_parquet"/>
		<object path="units/pd2_mod_floor/architecture/cus_int_floor/cus_int_floor_2x2m_a_parquet"/>
		<unit load="true" path="units/pd2_mod_floor/architecture/cus_int_floor/cus_int_floor_2x2m_a_parquet" unload="true"/>
		<cooked_physics path="units/pd2_mod_floor/architecture/cus_int_floor/cus_int_floor_2x2m_a_parquet"/>
		<model path="units/pd2_mod_floor/architecture/cus_int_floor/cus_int_floor_4x4m_a_parquet"/>
		<object path="units/pd2_mod_floor/architecture/cus_int_floor/cus_int_floor_4x4m_a_parquet"/>
		<unit load="true" path="units/pd2_mod_floor/architecture/cus_int_floor/cus_int_floor_4x4m_a_parquet" unload="true"/>
		<cooked_physics path="units/pd2_mod_floor/architecture/cus_int_floor/cus_int_floor_4x4m_a_parquet"/>
		<material_config path="units/pd2_mod_floor/architecture/cus_int_floor/cus_int_floor"/>
		<material_config path="units/pd2_mod_floor/architecture/cus_int_floor/cus_int_floor_b"/>
		<material_config path="units/pd2_mod_floor/architecture/cus_int_floor/cus_int_floor_c"/>
		<material_config path="units/pd2_mod_floor/architecture/cus_int_floor/cus_int_floor_d"/>
		<material_config path="units/pd2_mod_floor/architecture/cus_int_floor/cus_int_floor_e"/>
		<texture path="units/pd2_mod_floor/architecture/cus_int_floor/cus_mod_floor_a_df" unload="true"/>
		<texture path="units/pd2_mod_floor/architecture/cus_int_floor/cus_mod_floor_a_nm" unload="true"/>
		<texture path="units/pd2_mod_floor/architecture/cus_int_floor/cus_mod_floor_b_df" unload="true"/>
		<texture path="units/pd2_mod_floor/architecture/cus_int_floor/cus_mod_floor_b_nm" unload="true"/>
		<texture path="units/pd2_mod_floor/architecture/cus_int_floor/cus_mod_floor_c_df" unload="true"/>
		<texture path="units/pd2_mod_floor/architecture/cus_int_floor/cus_mod_floor_c_nm" unload="true"/>
		<texture path="units/pd2_mod_floor/architecture/cus_int_floor/cus_mod_floor_d_df" unload="true"/>
		<texture path="units/pd2_mod_floor/architecture/cus_int_floor/cus_mod_floor_d_nm" unload="true"/>
		<texture path="units/pd2_mod_floor/architecture/cus_int_floor/cus_mod_floor_e_df" unload="true"/>
		<texture path="units/pd2_mod_floor/architecture/cus_int_floor/cus_mod_floor_e_nm" unload="true"/>
	</add>
	
	<add>
		<unit path="units/pd2_mod_score/equipment/score_bnk_trolly_caged/score_bnk_trolly_caged"/>
		<unit path="units/pd2_mod_score/equipment/score_bnk_trolly_caged/score_bnk_trolly_money"/>
		<unit path="units/pd2_mod_score/equipment/score_bnk_trolly_caged/score_bnk_trolly_money_burnt"/>
		<sequence_manager path="units/pd2_mod_score/equipment/score_bnk_trolly_caged/score_bnk_trolly_caged"/>
		<sequence_manager path="units/pd2_mod_score/equipment/score_bnk_trolly_caged/score_bnk_trolly_money"/>
		<object path="units/pd2_mod_score/equipment/score_bnk_trolly_caged/score_bnk_trolly_caged"/>
		<object path="units/pd2_mod_score/equipment/score_bnk_trolly_caged/score_bnk_trolly_money"/>
		<object path="units/pd2_mod_score/equipment/score_bnk_trolly_caged/score_bnk_trolly_money_burnt"/>
		<model path="units/pd2_mod_score/equipment/score_bnk_trolly_caged/score_bnk_trolly_caged"/>
		<model path="units/pd2_mod_score/equipment/score_bnk_trolly_caged/score_bnk_trolly_money"/>
		<model path="units/pd2_mod_score/equipment/score_bnk_trolly_caged/score_bnk_trolly_money_burnt"/>
		<material_config path="units/pd2_mod_score/equipment/score_bnk_trolly_caged/score_bnk_trolly_caged"/>
		<material_config path="units/pd2_mod_score/equipment/score_bnk_trolly_caged/score_bnk_trolly_money"/>
		<material_config path="units/pd2_mod_score/equipment/score_bnk_trolly_caged/score_bnk_trolly_money_burnt"/>
	</add>
</table>