<table min_lib_ver="4.5" name="tonmapjam22">
	<Package file="scriptdata/tonmapjam22_assets.xml" id="tonmapjam22_assets" unload_on_restart="true"/>
	<narrative contact="Tonis" icon="textures/TMJ22-icon" id="tonmapjam22n">
		<chain>
			<table level_id="tonmapjam22l" type="d" type_id="heist_type_assault"/>
		</chain>
		<contract_cost>
			<value_node value="4000"/>
			<value_node value="8000"/>
			<value_node value="20000"/>
			<value_node value="40000"/>
			<value_node value="100000"/>
			<value_node value="100000"/>
			<value_node value="100000"/>
		</contract_cost>
		<crimenet_callouts>
			<value_node value="nothing"/>
		</crimenet_callouts>
		<crimenet_videos>
			<value_node value="cn_branchbank2"/>
		</crimenet_videos>
		<experience_mul>
			<value_node value="1"/>
			<value_node value="1"/>
			<value_node value="1"/>
			<value_node value="1"/>
			<value_node value="3"/>
			<value_node value="3"/>
			<value_node value="3"/>
		</experience_mul>
		<max_mission_xp>
			<value_node value="8000"/>
			<value_node value="8000"/>
			<value_node value="8000"/>
			<value_node value="8000"/>
			<value_node value="8000"/>
			<value_node value="8000"/>
			<value_node value="8000"/>
		</max_mission_xp>
		<min_mission_xp>
			<value_node value="2000"/>
			<value_node value="2000"/>
			<value_node value="2000"/>
			<value_node value="2000"/>
			<value_node value="2000"/>
			<value_node value="2000"/>
			<value_node value="2000"/>
		</min_mission_xp>
		<payout>
			<value_node value="6000"/>
			<value_node value="12000"/>
			<value_node value="30000"/>
			<value_node value="50000"/>
			<value_node value="60000"/>
			<value_node value="60000"/>
			<value_node value="60000"/>
		</payout>
	</narrative>
	<AddFiles directory="assets">
		<texture force="true" load="true" path="textures/TMJ22-icon"/>
		<texture force="true" load="true" path="textures/TMJ22-load"/>
	</AddFiles>
	<contact assets_gui="guis/mission_briefing/preload_contact_bain" id="Tonis" name_id="contract_tonis" package="packages/contact_bain"/>
	<level ai_group_type="america" id="tonmapjam22l" briefing_dialog="Tonmapjam22_vo_brief" load_screen="textures/TMJ22-load" max_bags="54">
		<hooks directory="hooks">
			<hook file="groupaitweakdata.lua" source_file="lib/tweak_data/groupaitweakdata"/>
			<hook file="missiondoortweakdata.lua" source_file="lib/tweak_data/missiondoortweakdata"/>
			<hook file="carrytweakdata.lua" source_file="lib/tweak_data/carrytweakdata"/>
		</hooks>
		<assets>
			<asset name="ammo_bag"/>
			<asset name="health_bag"/>
			<asset name="grenade_crate"/>
		</assets>
		<packages>
			<value_node value="tonmapjam22_assets"/>
		</packages>
		<script_data_mods directory="scriptdata">
			<mod replacement="objectives.objective" replacement_type="custom_xml" target_ext="objective" target_path="gamedata/objectives">
				<options merge_mode="add" mode="add"/>
			</mod>
		</script_data_mods>
		<xml>
			<file path="scriptdata/sounds_tonismapjam22.xml"/>
		</xml>
	</level>
	<Localization default="english.txt" directory="loc">
		<loc file="english.txt" language="english"/>
	</Localization>
</table>
